Bahnhofsmission,Hauptbahnhof,Gleis 9/12,51.955823,7.635621,"Stillen, Füttern und Wickeln",Stillflyer vom Kreisverband der Hebammen Münster,Bitte beachten Sie die Öffnungszeiten der jeweiligen Einrichtungen.
Esprit,Stubengasse 11,1. Etage,51.960592,7.629506,"Stillen, Füttern und Wickeln",Stillflyer vom Kreisverband der Hebammen Münster,Bitte beachten Sie die Öffnungszeiten der jeweiligen Einrichtungen.
Familienbüro,Junkerstraße 1,EG,51.953981,7.630186,"Stillen, Füttern und Wickeln",Stillflyer vom Kreisverband der Hebammen Münster,Bitte beachten Sie die Öffnungszeiten der jeweiligen Einrichtungen.
Haus der Familie Münster ,Krummer Timpen 42,EG,51.960855,7.618846,"Stillen, Füttern und Wickeln",Stillflyer vom Kreisverband der Hebammen Münster,Bitte beachten Sie die Öffnungszeiten der jeweiligen Einrichtungen.
H&M,Ludgeristraße 11-17,EG,51.959951,7.627649,"Stillen, Füttern und Wickeln",Stillflyer vom Kreisverband der Hebammen Münster,Bitte beachten Sie die Öffnungszeiten der jeweiligen Einrichtungen.
Kirchenfoyer Lambertikirchplatz,Salzstrasse 1,1. UG,51.962553,7.629162,"Stillen, Füttern und Wickeln",Stillflyer vom Kreisverband der Hebammen Münster,Bitte beachten Sie die Öffnungszeiten der jeweiligen Einrichtungen.
Königskinder&Rebellen,Alter Fischmarkt 12,,51.964061,7.629760,"Stillen, Füttern und Wickeln",Stillflyer vom Kreisverband der Hebammen Münster,Bitte beachten Sie die Öffnungszeiten der jeweiligen Einrichtungen.
MuKK,Alter Fischmarkt 12,,51.964061,7.629760,"Stillen, Füttern und Wickeln",Stillflyer vom Kreisverband der Hebammen Münster,Bitte beachten Sie die Öffnungszeiten der jeweiligen Einrichtungen.
Arkaden,Ludgeristraße 100 ,UG,51.960215,7.626858,"Stillen, Füttern und Wickeln",Stillflyer vom Kreisverband der Hebammen Münster,Bitte beachten Sie die Öffnungszeiten der jeweiligen Einrichtungen.
Stadtbücherei ,Alter Steinweg 11 ,UG,51.963001,7.630376,"Stillen, Füttern und Wickeln",Stillflyer vom Kreisverband der Hebammen Münster,Bitte beachten Sie die Öffnungszeiten der jeweiligen Einrichtungen.
Stadtmuseum ,Salzstraße 28 ,2. Etage,51.960595,7.633031,"Stillen, Füttern und Wickeln",Stillflyer vom Kreisverband der Hebammen Münster,Bitte beachten Sie die Öffnungszeiten der jeweiligen Einrichtungen.
Sandmännchen ,Bergstraße 71-72 ,UG,51.964576,7.626451,"Stillen, Füttern und Wickeln",Stillflyer vom Kreisverband der Hebammen Münster,Bitte beachten Sie die Öffnungszeiten der jeweiligen Einrichtungen.
Schnitzler,Prinzipalmarkt 40 ,UG,51.962512,7.628193,"Stillen, Füttern und Wickeln",Stillflyer vom Kreisverband der Hebammen Münster,Bitte beachten Sie die Öffnungszeiten der jeweiligen Einrichtungen.
"Amt für Kinder, Jugendliche und Familien",Hafenstraße 30,2. Etage,51.954019,7.630628,Wickeltisch,Stillflyer vom Kreisverband der Hebammen Münster,Bitte beachten Sie die Öffnungszeiten der jeweiligen Einrichtungen.
Die Kleine Hose&Mamacocon,Königsstraße 51-53,EG,51.959816,7.625633,Wickeltisch,Stillflyer vom Kreisverband der Hebammen Münster,Bitte beachten Sie die Öffnungszeiten der jeweiligen Einrichtungen.
dm,Alter Steinweg 40,EG,51.961454,7.632417,Wickeltisch,Stillflyer vom Kreisverband der Hebammen Münster,Bitte beachten Sie die Öffnungszeiten der jeweiligen Einrichtungen.
Forum Optik,Domgasse 6,EG,51.963090,7.627715,Wickeltisch,Stillflyer vom Kreisverband der Hebammen Münster,Bitte beachten Sie die Öffnungszeiten der jeweiligen Einrichtungen.
Galeria Kaufhof,Ludgeristraße 1,3. Etage,51.960686,7.628572,Wickeltisch,Stillflyer vom Kreisverband der Hebammen Münster,Bitte beachten Sie die Öffnungszeiten der jeweiligen Einrichtungen.
Gesundheitsamt,Stolbergstraße 2a,1. Etage,51.964411,7.638624,Wickeltisch,Stillflyer vom Kreisverband der Hebammen Münster,Bitte beachten Sie die Öffnungszeiten der jeweiligen Einrichtungen.
Gesundheitshaus,Gasselstiege 13,EG,51.971761,7.610800,Wickeltisch,Stillflyer vom Kreisverband der Hebammen Münster,Bitte beachten Sie die Öffnungszeiten der jeweiligen Einrichtungen.
Karstadt,Salzstraße 47-50,1. Etage,51.961312,7.630349,Wickeltisch,Stillflyer vom Kreisverband der Hebammen Münster,Bitte beachten Sie die Öffnungszeiten der jeweiligen Einrichtungen.
Maxiturm,Prinzipalmarkt 15,EG,51.961254,7.627857,Wickeltisch,Stillflyer vom Kreisverband der Hebammen Münster,Bitte beachten Sie die Öffnungszeiten der jeweiligen Einrichtungen.
Pro familia,Berliner Platz 24-28,4. Etage,51.956200,7.633002,Wickeltisch,Stillflyer vom Kreisverband der Hebammen Münster,Bitte beachten Sie die Öffnungszeiten der jeweiligen Einrichtungen.
Stadthaus 1,Klemensstraße 10,EG,51.961188,7.629475,Wickeltisch,Stillflyer vom Kreisverband der Hebammen Münster,Bitte beachten Sie die Öffnungszeiten der jeweiligen Einrichtungen.
Stadthaus 2,Ludgeriplatz 4,1. Etage,51.955074,7.626641,Wickeltisch ohne Wickelauflage,Stillflyer vom Kreisverband der Hebammen Münster,Bitte beachten Sie die Öffnungszeiten der jeweiligen Einrichtungen.
